# Slack invite URL
/join/slack https://join.slack.com/t/nfcore/shared_invite/zt-2gkfckttv-lG0aBbzOJZ5kUxaakhc2ag

# Force a 404 header on custom 404 page
# See https://answers.netlify.com/t/bug-and-workaround-404-page-returns-http-200/21154
/404.html /404      404!
/404      /404.html 404!


# Redirects to subsites
/docs/* https://nf-core-docs.netlify.app/docs/:splat 200!
/pipelines https://nf-core-pipelines.netlify.app/pipelines 200!
/modules/* https://nf-core-modules-subworkflows.netlify.app/modules/:splat 200!
/subworkflows/* https://nf-core-modules-subworkflows.netlify.app/subworkflows/:splat 200!
/configs/* https://nf-core-configs.netlify.app/configs/:splat 200!

# Temporary oldsite redirections
/logo/*  https://oldsite.nf-co.re/logo/:splat 200
/pipeline_schema_builder/* https://oldsite.nf-co.re/pipeline_schema_builder/:splat 200
/launch/* https://oldsite.nf-co.re/launch/:splat 200
/assets/* https://oldsite.nf-co.re/assets/:splat 200

# New site July 2023 - URL changes
/community /contributors
/usage/* /docs/usage/:splat
/developers/* /docs/contributing/:splat
/contributing/* /docs/contributing/:splat
/assets/img/* /images/:splat
/tools-docs/lint_tests/* /tools/docs/latest/pipeline_lint_tests/:splat

# Big docs restructure - April 2024
/tools                                     /docs/nf-core-tools
/tools/docs/*                              /docs/nf-core-tools/api_reference/:splat
/tools/*                                   /docs/nf-core-tools/:splat
/docs/nf-core-tools/api_reference/*/index  /docs/nf-core-tools/api_reference/:splat
